{
  "version": 1,
  "author": "Anonymous maker",
  "editor": "wokwi",
  "parts": [
    { "type": "wokwi-arduino-uno", "id": "uno", "top": 48.6, "left": -0.6, "attrs": {} },
    { "type": "wokwi-lcd1602", "id": "lcd1", "top": -121.37, "left": 16, "attrs": {} },
    { "type": "wokwi-potentiometer", "id": "pot1", "top": -10.9, "left": -96.2, "attrs": {} }
  ],
  "connections": [
    [ "lcd1:V0", "lcd1:RS", "green", [ "v0" ] ],
    [ "lcd1:A", "lcd1:K", "green", [ "v0" ] ],
    [ "lcd1:RS", "uno:12", "green", [ "v0" ] ],
    [ "lcd1:E", "uno:11", "green", [ "v0" ] ],
    [ "lcd1:D4", "uno:5", "green", [ "v0" ] ],
    [ "lcd1:D5", "uno:4", "green", [ "v0" ] ],
    [ "lcd1:D6", "uno:3", "green", [ "v0" ] ],
    [ "lcd1:D7", "uno:2", "green", [ "v0" ] ],
    [ "lcd1:RW", "uno:GND.1", "green", [ "v0" ] ],
    [ "lcd1:VSS", "uno:GND.1", "green", [ "v0" ] ],
    [ "lcd1:VDD", "uno:5V", "green", [ "v0" ] ],
    [ "lcd1:V0", "pot1:SIG", "green", [ "v0" ] ],
    [ "pot1:SIG", "uno:A4.2", "green", [ "v0" ] ],
    [ "pot1:GND", "uno:GND.1", "black", [ "v0" ] ],
    [ "pot1:VCC", "uno:5V", "red", [ "v0" ] ]
  ],
  "dependencies": {}
}